query_id,target_file,pattern,forma,match_found,match_count,position,sequence_length,execution_time,n_partitions
M01564:53:000000000-ADV2D:1:1101:15612:1337 1:N:0:2,Secuenciacion4_correctedshortReads.fasta,AGAA,inicio,True,9109,8;345;524;1225;1438;1444;2220;3467;3845;3995,4,0.023582402005558833,4
M01564:53:000000000-ADV2D:1:1101:15612:1337 1:N:0:2,Secuenciacion4_correctedshortReads.fasta,AAGT,centro,True,5491,233;873;1083;1761;2360;2510;2542;4142;5036;5513,4,0.02292739499534946,4
M01564:53:000000000-ADV2D:1:1101:15612:1337 1:N:0:2,Secuenciacion4_correctedshortReads.fasta,CGGC,final,True,30473,151;360;468;549;714;1279;1427;1548;1562;1606,4,0.02910786600841675,4
M01564:53:000000000-ADV2D:1:1101:15612:1337 1:N:0:2,Secuenciacion4_correctedshortReads.fasta,AGAAGTTC,inicio,True,21,107961;109327;220695;228532;279554;419426;518661;735680;914046;1040563,8,0.02370415900077205,4
M01564:53:000000000-ADV2D:1:1101:15612:1337 1:N:0:2,Secuenciacion4_correctedshortReads.fasta,CAAAGTGG,centro,True,45,16581;43893;195246;208600;332268;387004;449598;492483;549172;588392,8,0.02498202300921548,4
M01564:53:000000000-ADV2D:1:1101:15612:1337 1:N:0:2,Secuenciacion4_correctedshortReads.fasta,GTGGCGGC,final,True,265,5038;7726;26861;29585;46251;54977;62190;62869;96572;97082,8,0.024402866009040736,4
M01564:53:000000000-ADV2D:1:1101:15612:1337 1:N:0:2,Secuenciacion4_correctedshortReads.fasta,AGAAGTTCGTGG,inicio,True,1,1924133,12,0.024366538986214437,4
M01564:53:000000000-ADV2D:1:1101:15612:1337 1:N:0:2,Secuenciacion4_correctedshortReads.fasta,ATCAAAGTGGAC,centro,False,0,,12,0.02331003299332224,4
M01564:53:000000000-ADV2D:1:1101:15612:1337 1:N:0:2,Secuenciacion4_correctedshortReads.fasta,CGCCGTGGCGGC,final,True,3,607086;775988;2736170,12,0.02487419701355975,4
M01564:53:000000000-ADV2D:1:1101:15612:1337 1:N:0:2,Secuenciacion4_correctedshortReads.fasta,AGAAGTTCGTGGCCAT,inicio,True,1,1924133,16,0.02256585999566596,4
M01564:53:000000000-ADV2D:1:1101:15612:1337 1:N:0:2,Secuenciacion4_correctedshortReads.fasta,GGATCAAAGTGGACAT,centro,False,0,,16,0.024233033997006714,4
M01564:53:000000000-ADV2D:1:1101:15612:1337 1:N:0:2,Secuenciacion4_correctedshortReads.fasta,AGAGCGCCGTGGCGGC,final,False,0,,16,0.02397437499894295,4
M01564:53:000000000-ADV2D:1:1101:15612:1337 1:N:0:2,Secuenciacion4_correctedshortReads.fasta,AGAAGTTCGTGGCCATGCAATTGG,inicio,False,0,,24,0.02365175398881547,4
M01564:53:000000000-ADV2D:1:1101:15612:1337 1:N:0:2,Secuenciacion4_correctedshortReads.fasta,CTGGGGATCAAAGTGGACATGCTT,centro,False,0,,24,0.03336801899422426,4
M01564:53:000000000-ADV2D:1:1101:15612:1337 1:N:0:2,Secuenciacion4_correctedshortReads.fasta,GCTCATCAAGAGCGCCGTGGCGGC,final,False,0,,24,0.025725486004375853,4
M01564:53:000000000-ADV2D:1:1101:15612:1337 1:N:0:2,Secuenciacion4_correctedshortReads.fasta,AGAAGTTCGTGGCCATGCAATTGGAAAAGTCC,inicio,False,0,,32,0.02271040999039542,4
M01564:53:000000000-ADV2D:1:1101:15612:1337 1:N:0:2,Secuenciacion4_correctedshortReads.fasta,GGAACTGGGGATCAAAGTGGACATGCTTGCCT,centro,False,0,,32,0.024749693999183364,4
M01564:53:000000000-ADV2D:1:1101:15612:1337 1:N:0:2,Secuenciacion4_correctedshortReads.fasta,GATGAAGAGCTCATCAAGAGCGCCGTGGCGGC,final,False,0,,32,0.025372738993610255,4
M01564:53:000000000-ADV2D:1:1101:15599:1360 1:N:0:2,Secuenciacion4_correctedshortReads.fasta,GCAT,inicio,True,15188,64;1201;1221;1396;1581;1813;1839;1912;1928;2231,4,0.027068799987318926,4
M01564:53:000000000-ADV2D:1:1101:15599:1360 1:N:0:2,Secuenciacion4_correctedshortReads.fasta,GACT,centro,True,6426,1574;1853;2339;3457;4393;4445;4625;4785;5764;6079,4,0.02693514700513333,4
M01564:53:000000000-ADV2D:1:1101:15599:1360 1:N:0:2,Secuenciacion4_correctedshortReads.fasta,AGCC,final,True,12761,192;391;451;591;640;681;961;1042;1306;1464,4,0.024100531998556107,4
M01564:53:000000000-ADV2D:1:1101:15599:1360 1:N:0:2,Secuenciacion4_correctedshortReads.fasta,GCATACCA,inicio,True,41,230044;238574;300504;402544;615327;641190;755633;758116;856126;991311,8,0.02820584700384643,4
M01564:53:000000000-ADV2D:1:1101:15599:1360 1:N:0:2,Secuenciacion4_correctedshortReads.fasta,TGGACTGT,centro,True,20,206998;264503;453012;818978;873772;1151246;1462742;1527185;1616249;1654913,8,0.024376565997954458,4
M01564:53:000000000-ADV2D:1:1101:15599:1360 1:N:0:2,Secuenciacion4_correctedshortReads.fasta,ATCCAGCC,final,True,136,26749;35340;43765;44722;86692;108603;109341;129914;170858;178933,8,0.023803527001291513,4
M01564:53:000000000-ADV2D:1:1101:15599:1360 1:N:0:2,Secuenciacion4_correctedshortReads.fasta,GCATACCATATT,inicio,True,1,2374064,12,0.026679846007027663,4
M01564:53:000000000-ADV2D:1:1101:15599:1360 1:N:0:2,Secuenciacion4_correctedshortReads.fasta,ATTGGACTGTAG,centro,False,0,,12,0.023404462001053616,4
M01564:53:000000000-ADV2D:1:1101:15599:1360 1:N:0:2,Secuenciacion4_correctedshortReads.fasta,CGAGATCCAGCC,final,False,0,,12,0.026332925001042895,4
M01564:53:000000000-ADV2D:1:1101:15599:1360 1:N:0:2,Secuenciacion4_correctedshortReads.fasta,GCATACCATATTGGAA,inicio,False,0,,16,0.028167961005237885,4
M01564:53:000000000-ADV2D:1:1101:15599:1360 1:N:0:2,Secuenciacion4_correctedshortReads.fasta,TGATTGGACTGTAGCG,centro,False,0,,16,0.023439903001417406,4
M01564:53:000000000-ADV2D:1:1101:15599:1360 1:N:0:2,Secuenciacion4_correctedshortReads.fasta,AGCCCGAGATCCAGCC,final,False,0,,16,0.022972210004809313,4
M01564:53:000000000-ADV2D:1:1101:15599:1360 1:N:0:2,Secuenciacion4_correctedshortReads.fasta,GCATACCATATTGGAAAAGTTAAA,inicio,False,0,,24,0.02586410500225611,4
M01564:53:000000000-ADV2D:1:1101:15599:1360 1:N:0:2,Secuenciacion4_correctedshortReads.fasta,CGAATGATTGGACTGTAGCGTTGA,centro,False,0,,24,0.026750561999506317,4
M01564:53:000000000-ADV2D:1:1101:15599:1360 1:N:0:2,Secuenciacion4_correctedshortReads.fasta,ACGTGGGCAGCCCGAGATCCAGCC,final,False,0,,24,0.03408134198980406,4
M01564:53:000000000-ADV2D:1:1101:15599:1360 1:N:0:2,Secuenciacion4_correctedshortReads.fasta,GCATACCATATTGGAAAAGTTAAAGGGGCTTG,inicio,False,0,,32,0.028050142995198257,4
M01564:53:000000000-ADV2D:1:1101:15599:1360 1:N:0:2,Secuenciacion4_correctedshortReads.fasta,GGCGCGAATGATTGGACTGTAGCGTTGAGTGG,centro,False,0,,32,0.023871964993304573,4
M01564:53:000000000-ADV2D:1:1101:15599:1360 1:N:0:2,Secuenciacion4_correctedshortReads.fasta,GACATTTTACGTGGGCAGCCCGAGATCCAGCC,final,False,0,,32,0.02905402600299567,4
M01564:53:000000000-ADV2D:1:1101:16395:1367 1:N:0:2,Secuenciacion4_correctedshortReads.fasta,GCAA,inicio,True,15181,299;470;532;677;782;965;1142;1287;1507;1642,4,0.032040956008131616,4
M01564:53:000000000-ADV2D:1:1101:16395:1367 1:N:0:2,Secuenciacion4_correctedshortReads.fasta,CGGT,centro,True,16646,158;263;600;1133;1296;1405;1471;1598;1611;1825,4,0.04124118000618182,4
M01564:53:000000000-ADV2D:1:1101:16395:1367 1:N:0:2,Secuenciacion4_correctedshortReads.fasta,TTCT,final,True,9093,67;113;170;542;704;725;749;896;1474;1962,4,0.02545866899890825,4
M01564:53:000000000-ADV2D:1:1101:16395:1367 1:N:0:2,Secuenciacion4_correctedshortReads.fasta,GCAAGTTG,inicio,True,23,64866;208394;344565;471829;521303;597319;614505;654908;669160;695557,8,0.0268860859941924,4
M01564:53:000000000-ADV2D:1:1101:16395:1367 1:N:0:2,Secuenciacion4_correctedshortReads.fasta,GGCGGTGG,centro,True,339,6447;6460;6474;9739;25063;25165;26866;29601;30605;38383,8,0.02794516200083308,4
M01564:53:000000000-ADV2D:1:1101:16395:1367 1:N:0:2,Secuenciacion4_correctedshortReads.fasta,CTCTTTCT,final,True,42,11513;24365;30453;57621;227024;537683;616701;651609;675911;918713,8,0.025959915001294576,4
M01564:53:000000000-ADV2D:1:1101:16395:1367 1:N:0:2,Secuenciacion4_correctedshortReads.fasta,GCAAGTTGCTGG,inicio,True,1,344565,12,0.029498877003788948,4
M01564:53:000000000-ADV2D:1:1101:16395:1367 1:N:0:2,Secuenciacion4_correctedshortReads.fasta,CTGGCGGTGGCG,centro,True,7,146972;151610;372909;809609;969708;1241945;2504341,12,0.0264504350052448,4
M01564:53:000000000-ADV2D:1:1101:16395:1367 1:N:0:2,Secuenciacion4_correctedshortReads.fasta,CCTGCTCTTTCT,final,True,1,616697,12,0.02439873899857048,4
M01564:53:000000000-ADV2D:1:1101:16395:1367 1:N:0:2,Secuenciacion4_correctedshortReads.fasta,GCAAGTTGCTGGAAGA,inicio,False,0,,16,0.03664161499182228,4
M01564:53:000000000-ADV2D:1:1101:16395:1367 1:N:0:2,Secuenciacion4_correctedshortReads.fasta,CCCTGGCGGTGGCGCT,centro,False,0,,16,0.027494281996041536,4
M01564:53:000000000-ADV2D:1:1101:16395:1367 1:N:0:2,Secuenciacion4_correctedshortReads.fasta,TCTCCCTGCTCTTTCT,final,False,0,,16,0.023286259005544707,4
M01564:53:000000000-ADV2D:1:1101:16395:1367 1:N:0:2,Secuenciacion4_correctedshortReads.fasta,GCAAGTTGCTGGAAGAATCCCTGG,inicio,False,0,,24,0.027422607992775738,4
M01564:53:000000000-ADV2D:1:1101:16395:1367 1:N:0:2,Secuenciacion4_correctedshortReads.fasta,GAATCCCTGGCGGTGGCGCTCATC,centro,False,0,,24,0.026594291004585102,4
M01564:53:000000000-ADV2D:1:1101:16395:1367 1:N:0:2,Secuenciacion4_correctedshortReads.fasta,GGCGCTCATCTCCCTGCTCTTTCT,final,False,0,,24,0.02458082301018294,4
M01564:53:000000000-ADV2D:1:1101:16395:1367 1:N:0:2,Secuenciacion4_correctedshortReads.fasta,GCAAGTTGCTGGAAGAATCCCTGGCGGTGGCG,inicio,False,0,,32,0.02607018599519506,4
M01564:53:000000000-ADV2D:1:1101:16395:1367 1:N:0:2,Secuenciacion4_correctedshortReads.fasta,GGAAGAATCCCTGGCGGTGGCGCTCATCTCCC,centro,False,0,,32,0.026093975990079343,4
M01564:53:000000000-ADV2D:1:1101:16395:1367 1:N:0:2,Secuenciacion4_correctedshortReads.fasta,CTGGCGGTGGCGCTCATCTCCCTGCTCTTTCT,final,False,0,,32,0.02590532400063239,4
M01564:53:000000000-ADV2D:1:1101:16563:1370 1:N:0:2,Secuenciacion4_correctedshortReads.fasta,TGGC,inicio,True,24428,62;125;134;173;518;611;1262;1337;1432;1481,4,0.02735232500708662,4
M01564:53:000000000-ADV2D:1:1101:16563:1370 1:N:0:2,Secuenciacion4_correctedshortReads.fasta,TGTG,centro,True,7420,1213;1750;2131;2949;3484;3588;3684;4521;4753;5296,4,0.024153721999027766,4
M01564:53:000000000-ADV2D:1:1101:16563:1370 1:N:0:2,Secuenciacion4_correctedshortReads.fasta,CTCA,final,True,7780,436;556;754;787;1805;2821;2917;2959;3583;3868,4,0.027579211004194804,4
M01564:53:000000000-ADV2D:1:1101:16563:1370 1:N:0:2,Secuenciacion4_correctedshortReads.fasta,TGGCCAGC,inicio,True,224,6914;57521;61180;61590;74148;81099;83415;90630;97955;104137,8,0.023816201006411575,4
M01564:53:000000000-ADV2D:1:1101:16563:1370 1:N:0:2,Secuenciacion4_correctedshortReads.fasta,ACTGTGAA,centro,True,15,348386;442436;951038;1031654;1132117;1257983;1285125;1586810;1827729;1873868,8,0.029885161013226025,4
M01564:53:000000000-ADV2D:1:1101:16563:1370 1:N:0:2,Secuenciacion4_correctedshortReads.fasta,GCAACTCA,final,True,49,48065;72533;134576;139401;151948;167045;257731;327065;370167;429779,8,0.02858959299919661,4
M01564:53:000000000-ADV2D:1:1101:16563:1370 1:N:0:2,Secuenciacion4_correctedshortReads.fasta,TGGCCAGCGCCG,inicio,True,7,186146;461930;1097382;1358825;1708231;2232754;2328769,12,0.024628017999930307,4
M01564:53:000000000-ADV2D:1:1101:16563:1370 1:N:0:2,Secuenciacion4_correctedshortReads.fasta,GTACTGTGAAAG,centro,False,0,,12,0.02802195599360857,4
M01564:53:000000000-ADV2D:1:1101:16563:1370 1:N:0:2,Secuenciacion4_correctedshortReads.fasta,TCCCGCAACTCA,final,False,0,,12,0.02438993200485129,4
M01564:53:000000000-ADV2D:1:1101:16563:1370 1:N:0:2,Secuenciacion4_correctedshortReads.fasta,TGGCCAGCGCCGCCCA,inicio,False,0,,16,0.026726878000772558,4
M01564:53:000000000-ADV2D:1:1101:16563:1370 1:N:0:2,Secuenciacion4_correctedshortReads.fasta,TCGTACTGTGAAAGAG,centro,False,0,,16,0.022840236997581087,4
M01564:53:000000000-ADV2D:1:1101:16563:1370 1:N:0:2,Secuenciacion4_correctedshortReads.fasta,GAAATCCCGCAACTCA,final,False,0,,16,0.02562397600559052,4
M01564:53:000000000-ADV2D:1:1101:16563:1370 1:N:0:2,Secuenciacion4_correctedshortReads.fasta,TGGCCAGCGCCGCCCAGAGCTCAT,inicio,False,0,,24,0.023660969993215986,4
M01564:53:000000000-ADV2D:1:1101:16563:1370 1:N:0:2,Secuenciacion4_correctedshortReads.fasta,CGGATCGTACTGTGAAAGAGATAT,centro,False,0,,24,0.026679265007260256,4
M01564:53:000000000-ADV2D:1:1101:16563:1370 1:N:0:2,Secuenciacion4_correctedshortReads.fasta,TCTGCCGGGAAATCCCGCAACTCA,final,False,0,,24,0.02945162300602533,4
M01564:53:000000000-ADV2D:1:1101:16563:1370 1:N:0:2,Secuenciacion4_correctedshortReads.fasta,TGGCCAGCGCCGCCCAGAGCTCATCCTCCTCC,inicio,False,0,,32,0.03111181799613405,4
M01564:53:000000000-ADV2D:1:1101:16563:1370 1:N:0:2,Secuenciacion4_correctedshortReads.fasta,GTCGCGGATCGTACTGTGAAAGAGATATGAGC,centro,False,0,,32,0.024267745000543073,4
M01564:53:000000000-ADV2D:1:1101:16563:1370 1:N:0:2,Secuenciacion4_correctedshortReads.fasta,GCAGATTGTCTGCCGGGAAATCCCGCAACTCA,final,False,0,,32,0.028643839992582798,4
M01564:53:000000000-ADV2D:1:1101:16797:1374 1:N:0:2,Secuenciacion4_correctedshortReads.fasta,CAGA,inicio,True,13528,523;886;946;994;1066;1331;1593;2135;2165;3235,4,0.031221733006532304,4
M01564:53:000000000-ADV2D:1:1101:16797:1374 1:N:0:2,Secuenciacion4_correctedshortReads.fasta,CAGT,centro,True,10258,56;438;772;1208;1253;1390;1807;1976;2188;2259,4,0.027494893001858145,4
M01564:53:000000000-ADV2D:1:1101:16797:1374 1:N:0:2,Secuenciacion4_correctedshortReads.fasta,GCAG,final,True,22117,196;449;638;771;882;885;959;975;1115;1330,4,0.029294074003701098,4
M01564:53:000000000-ADV2D:1:1101:16797:1374 1:N:0:2,Secuenciacion4_correctedshortReads.fasta,CAGAGTAT,inicio,True,37,170496;183218;215831;301772;677530;703553;873451;911188;1040768;1098059,8,0.02824997300922405,4
M01564:53:000000000-ADV2D:1:1101:16797:1374 1:N:0:2,Secuenciacion4_correctedshortReads.fasta,CTCAGTTC,centro,True,23,70908;84453;127007;212177;236287;244367;457665;490508;609653;1310809,8,0.025026408999110572,4
M01564:53:000000000-ADV2D:1:1101:16797:1374 1:N:0:2,Secuenciacion4_correctedshortReads.fasta,AGACGCAG,final,True,65,31474;126566;218442;252128;282680;352193;383885;461356;481661;498258,8,0.022727646995917894,4
M01564:53:000000000-ADV2D:1:1101:16797:1374 1:N:0:2,Secuenciacion4_correctedshortReads.fasta,CAGAGTATCCAG,inicio,True,2,1099723;2396978,12,0.027246908997767605,4
M01564:53:000000000-ADV2D:1:1101:16797:1374 1:N:0:2,Secuenciacion4_correctedshortReads.fasta,GACTCAGTTCCG,centro,True,1,457663,12,0.025310020995675586,4
M01564:53:000000000-ADV2D:1:1101:16797:1374 1:N:0:2,Secuenciacion4_correctedshortReads.fasta,CACCAGACGCAG,final,True,3,736066;2123557;2630840,12,0.025410888003534637,4
M01564:53:000000000-ADV2D:1:1101:16797:1374 1:N:0:2,Secuenciacion4_correctedshortReads.fasta,CAGAGTATCCAGCGCG,inicio,False,0,,16,0.025224993005394936,4
M01564:53:000000000-ADV2D:1:1101:16797:1374 1:N:0:2,Secuenciacion4_correctedshortReads.fasta,CTGACTCAGTTCCGCC,centro,False,0,,16,0.026342309996834956,4
M01564:53:000000000-ADV2D:1:1101:16797:1374 1:N:0:2,Secuenciacion4_correctedshortReads.fasta,GCAGCACCAGACGCAG,final,False,0,,16,0.02639030800492037,4
M01564:53:000000000-ADV2D:1:1101:16797:1374 1:N:0:2,Secuenciacion4_correctedshortReads.fasta,CAGAGTATCCAGCGCGCCTCGCGC,inicio,False,0,,24,0.03220585300005041,4
M01564:53:000000000-ADV2D:1:1101:16797:1374 1:N:0:2,Secuenciacion4_correctedshortReads.fasta,CGCGCTGACTCAGTTCCGCCACGG,centro,False,0,,24,0.04307698200864252,4
M01564:53:000000000-ADV2D:1:1101:16797:1374 1:N:0:2,Secuenciacion4_correctedshortReads.fasta,CACGGCGGGCAGCACCAGACGCAG,final,False,0,,24,0.030469347999314778,4
M01564:53:000000000-ADV2D:1:1101:16797:1374 1:N:0:2,Secuenciacion4_correctedshortReads.fasta,CAGAGTATCCAGCGCGCCTCGCGCTGACTCAG,inicio,False,0,,32,0.02561679399514105,4
M01564:53:000000000-ADV2D:1:1101:16797:1374 1:N:0:2,Secuenciacion4_correctedshortReads.fasta,GCCTCGCGCTGACTCAGTTCCGCCACGGCGGG,centro,False,0,,32,0.027711532995454036,4
M01564:53:000000000-ADV2D:1:1101:16797:1374 1:N:0:2,Secuenciacion4_correctedshortReads.fasta,AGTTCCGCCACGGCGGGCAGCACCAGACGCAG,final,False,0,,32,0.023198120994493365,4
M01564:53:000000000-ADV2D:1:1101:15464:1375 1:N:0:2,Secuenciacion4_correctedshortReads.fasta,AGCC,inicio,True,12761,192;391;451;591;640;681;961;1042;1306;1464,4,0.024368831000174396,4
M01564:53:000000000-ADV2D:1:1101:15464:1375 1:N:0:2,Secuenciacion4_correctedshortReads.fasta,CCAG,centro,True,22872,55;237;635;660;743;828;861;945;993;1065,4,0.027611134995822795,4
M01564:53:000000000-ADV2D:1:1101:15464:1375 1:N:0:2,Secuenciacion4_correctedshortReads.fasta,CGGG,final,True,19721,275;319;817;1096;1284;1326;1364;1542;1631;1801,4,0.027008484001271427,4
M01564:53:000000000-ADV2D:1:1101:15464:1375 1:N:0:2,Secuenciacion4_correctedshortReads.fasta,AGCCTTGC,inicio,True,70,29433;73455;133408;160537;164979;166971;203065;213075;247901;267216,8,0.024159811000572518,4
M01564:53:000000000-ADV2D:1:1101:15464:1375 1:N:0:2,Secuenciacion4_correctedshortReads.fasta,CTCCAGAT,centro,True,91,40656;70826;95132;171618;187544;374609;382437;383798;399126;399669,8,0.024908822000725195,4
M01564:53:000000000-ADV2D:1:1101:15464:1375 1:N:0:2,Secuenciacion4_correctedshortReads.fasta,GGACCGGG,final,True,100,18233;60844;124377;138114;146393;160153;163682;189306;204813;224793,8,0.0240737470012391,4
M01564:53:000000000-ADV2D:1:1101:15464:1375 1:N:0:2,Secuenciacion4_correctedshortReads.fasta,AGCCTTGCTCCG,inicio,False,0,,12,0.024822585997753777,4
M01564:53:000000000-ADV2D:1:1101:15464:1375 1:N:0:2,Secuenciacion4_correctedshortReads.fasta,ACCTCCAGATCG,centro,True,1,2063222,12,0.02289661100076046,4
M01564:53:000000000-ADV2D:1:1101:15464:1375 1:N:0:2,Secuenciacion4_correctedshortReads.fasta,CGCAGGACCGGG,final,False,0,,12,0.025224472003174014,4
M01564:53:000000000-ADV2D:1:1101:15464:1375 1:N:0:2,Secuenciacion4_correctedshortReads.fasta,AGCCTTGCTCCGCTTC,inicio,False,0,,16,0.02942789399821777,4
M01564:53:000000000-ADV2D:1:1101:15464:1375 1:N:0:2,Secuenciacion4_correctedshortReads.fasta,CGACCTCCAGATCGGA,centro,False,0,,16,0.024628699000459164,4
M01564:53:000000000-ADV2D:1:1101:15464:1375 1:N:0:2,Secuenciacion4_correctedshortReads.fasta,GGTACGCAGGACCGGG,final,False,0,,16,0.025074970995774493,4
M01564:53:000000000-ADV2D:1:1101:15464:1375 1:N:0:2,Secuenciacion4_correctedshortReads.fasta,AGCCTTGCTCCGCTTCGCTGACGA,inicio,False,0,,24,0.02270642800431233,4
M01564:53:000000000-ADV2D:1:1101:15464:1375 1:N:0:2,Secuenciacion4_correctedshortReads.fasta,CTGACGACCTCCAGATCGGAGACT,centro,False,0,,24,0.027336336992448196,4
M01564:53:000000000-ADV2D:1:1101:15464:1375 1:N:0:2,Secuenciacion4_correctedshortReads.fasta,GAGACTGCGGTACGCAGGACCGGG,final,False,0,,24,0.024703296992811374,4
M01564:53:000000000-ADV2D:1:1101:15464:1375 1:N:0:2,Secuenciacion4_correctedshortReads.fasta,AGCCTTGCTCCGCTTCGCTGACGACCTCCAGA,inicio,False,0,,32,0.023453853995306417,4
M01564:53:000000000-ADV2D:1:1101:15464:1375 1:N:0:2,Secuenciacion4_correctedshortReads.fasta,TTCGCTGACGACCTCCAGATCGGAGACTGCGG,centro,False,0,,32,0.021809673009556718,4
M01564:53:000000000-ADV2D:1:1101:15464:1375 1:N:0:2,Secuenciacion4_correctedshortReads.fasta,CCAGATCGGAGACTGCGGTACGCAGGACCGGG,final,False,0,,32,0.024548087996663526,4
M01564:53:000000000-ADV2D:1:1101:15591:1381 1:N:0:2,Secuenciacion4_correctedshortReads.fasta,GTGT,inicio,True,6261,1695;2130;2269;2591;2948;3483;4880;5101;5295;5842,4,0.02490897300594952,4
M01564:53:000000000-ADV2D:1:1101:15591:1381 1:N:0:2,Secuenciacion4_correctedshortReads.fasta,CGTC,centro,True,13686,216;288;501;504;552;583;607;684;1002;1174,4,0.02747804998944048,4
M01564:53:000000000-ADV2D:1:1101:15591:1381 1:N:0:2,Secuenciacion4_correctedshortReads.fasta,GTGC,final,True,14291,875;1214;1298;1316;1392;1751;2132;2524;2833;3028,4,0.025683878993731923,4
M01564:53:000000000-ADV2D:1:1101:15591:1381 1:N:0:2,Secuenciacion4_correctedshortReads.fasta,GTGTGGTA,inicio,True,22,86662;189318;326881;349347;433111;477589;510063;515545;743230;867787,8,0.024894175003282726,4
M01564:53:000000000-ADV2D:1:1101:15591:1381 1:N:0:2,Secuenciacion4_correctedshortReads.fasta,GGCGTCGG,centro,True,159,47504;50014;63521;69560;70475;107285;112723;148279;153533;172722,8,0.025892927995300852,4
M01564:53:000000000-ADV2D:1:1101:15591:1381 1:N:0:2,Secuenciacion4_correctedshortReads.fasta,TTGAGTGC,final,True,28,146655;272776;335089;515583;519005;560690;662049;697258;723732;789234,8,0.022021758995833807,4
M01564:53:000000000-ADV2D:1:1101:15591:1381 1:N:0:2,Secuenciacion4_correctedshortReads.fasta,GTGTGGTAGAGG,inicio,True,2,515545;905300,12,0.024467266994179226,4
M01564:53:000000000-ADV2D:1:1101:15591:1381 1:N:0:2,Secuenciacion4_correctedshortReads.fasta,TTGGCGTCGGGA,centro,False,0,,12,0.02197019300365355,4
M01564:53:000000000-ADV2D:1:1101:15591:1381 1:N:0:2,Secuenciacion4_correctedshortReads.fasta,TGCCTTGAGTGC,final,True,1,515579,12,0.023620634005055763,4
M01564:53:000000000-ADV2D:1:1101:15591:1381 1:N:0:2,Secuenciacion4_correctedshortReads.fasta,GTGTGGTAGAGGCGCG,inicio,True,1,515545,16,0.02643086400348693,4
M01564:53:000000000-ADV2D:1:1101:15591:1381 1:N:0:2,Secuenciacion4_correctedshortReads.fasta,GGTTGGCGTCGGGACA,centro,False,0,,16,0.0265695349953603,4
M01564:53:000000000-ADV2D:1:1101:15591:1381 1:N:0:2,Secuenciacion4_correctedshortReads.fasta,AGGATGCCTTGAGTGC,final,True,1,515575,16,0.02355199700105004,4
M01564:53:000000000-ADV2D:1:1101:15591:1381 1:N:0:2,Secuenciacion4_correctedshortReads.fasta,GTGTGGTAGAGGCGCGGTTGGCGT,inicio,True,1,515545,24,0.024188776005757973,4
M01564:53:000000000-ADV2D:1:1101:15591:1381 1:N:0:2,Secuenciacion4_correctedshortReads.fasta,GCGCGGTTGGCGTCGGGACAGGAT,centro,False,0,,24,0.027579491012147628,4
M01564:53:000000000-ADV2D:1:1101:15591:1381 1:N:0:2,Secuenciacion4_correctedshortReads.fasta,GTCGGGACAGGATGCCTTGAGTGC,final,False,0,,24,0.027837752990308218,4
M01564:53:000000000-ADV2D:1:1101:15591:1381 1:N:0:2,Secuenciacion4_correctedshortReads.fasta,GTGTGGTAGAGGCGCGGTTGGCGTCGGGACAG,inicio,False,0,,32,0.03954376999172382,4
M01564:53:000000000-ADV2D:1:1101:15591:1381 1:N:0:2,Secuenciacion4_correctedshortReads.fasta,AGAGGCGCGGTTGGCGTCGGGACAGGATGCCT,centro,False,0,,32,0.022945464006625116,4
M01564:53:000000000-ADV2D:1:1101:15591:1381 1:N:0:2,Secuenciacion4_correctedshortReads.fasta,CGGTTGGCGTCGGGACAGGATGCCTTGAGTGC,final,False,0,,32,0.028381319003528915,4
M01564:53:000000000-ADV2D:1:1101:15374:1381 1:N:0:2,Secuenciacion4_correctedshortReads.fasta,TTAA,inicio,True,2119,3;4805;8313;8640;9421;14539;27981;28307;28520;31434,4,0.030053373004193418,4
M01564:53:000000000-ADV2D:1:1101:15374:1381 1:N:0:2,Secuenciacion4_correctedshortReads.fasta,GCGA,centro,True,15839,127;362;488;716;890;905;986;1109;1339;1434,4,0.029624989998410456,4
M01564:53:000000000-ADV2D:1:1101:15374:1381 1:N:0:2,Secuenciacion4_correctedshortReads.fasta,TGGG,final,True,15016,1345;1459;1577;1685;1775;1848;1989;2105;2127;2181,4,0.027343530004145578,4
M01564:53:000000000-ADV2D:1:1101:15374:1381 1:N:0:2,Secuenciacion4_correctedshortReads.fasta,TTAATGCA,inicio,True,10,522946;532271;604633;784575;805689;1521335;1602222;1846402;2722439;2776522,8,0.022958774003200233,4
M01564:53:000000000-ADV2D:1:1101:15374:1381 1:N:0:2,Secuenciacion4_correctedshortReads.fasta,GTGCGATT,centro,True,18,131748;145499;249979;406613;510077;1003228;1006060;1009206;1075066;1136062,8,0.030319985991809517,4
M01564:53:000000000-ADV2D:1:1101:15374:1381 1:N:0:2,Secuenciacion4_correctedshortReads.fasta,ATACTGGG,final,True,42,49090;113309;218009;347622;487347;505037;538640;583074;661409;712258,8,0.02495481600635685,4
M01564:53:000000000-ADV2D:1:1101:15374:1381 1:N:0:2,Secuenciacion4_correctedshortReads.fasta,TTAATGCAGAAA,inicio,False,0,,12,0.02322319299855735,4
M01564:53:000000000-ADV2D:1:1101:15374:1381 1:N:0:2,Secuenciacion4_correctedshortReads.fasta,TGGTGCGATTCG,centro,False,0,,12,0.02445412299130112,4
M01564:53:000000000-ADV2D:1:1101:15374:1381 1:N:0:2,Secuenciacion4_correctedshortReads.fasta,AAATATACTGGG,final,False,0,,12,0.023902111992356367,4
M01564:53:000000000-ADV2D:1:1101:15374:1381 1:N:0:2,Secuenciacion4_correctedshortReads.fasta,TTAATGCAGAAAACAT,inicio,False,0,,16,0.027476546994876117,4
M01564:53:000000000-ADV2D:1:1101:15374:1381 1:N:0:2,Secuenciacion4_correctedshortReads.fasta,ATTGGTGCGATTCGTC,centro,False,0,,16,0.029511098997318186,4
M01564:53:000000000-ADV2D:1:1101:15374:1381 1:N:0:2,Secuenciacion4_correctedshortReads.fasta,ACCAAAATATACTGGG,final,False,0,,16,0.023073798991390504,4
M01564:53:000000000-ADV2D:1:1101:15374:1381 1:N:0:2,Secuenciacion4_correctedshortReads.fasta,TTAATGCAGAAAACATGTCGGCGC,inicio,False,0,,24,0.021634143005940132,4
M01564:53:000000000-ADV2D:1:1101:15374:1381 1:N:0:2,Secuenciacion4_correctedshortReads.fasta,GGGTATTGGTGCGATTCGTCGGGA,centro,False,0,,24,0.02460194399463944,4
M01564:53:000000000-ADV2D:1:1101:15374:1381 1:N:0:2,Secuenciacion4_correctedshortReads.fasta,GATGGTAGACCAAAATATACTGGG,final,False,0,,24,0.033942367997951806,4
M01564:53:000000000-ADV2D:1:1101:15374:1381 1:N:0:2,Secuenciacion4_correctedshortReads.fasta,TTAATGCAGAAAACATGTCGGCGCCAGAGGTA,inicio,False,0,,32,0.028663214994594455,4
M01564:53:000000000-ADV2D:1:1101:15374:1381 1:N:0:2,Secuenciacion4_correctedshortReads.fasta,TACGGGGTATTGGTGCGATTCGTCGGGAATCG,centro,False,0,,32,0.023020843000267632,4
M01564:53:000000000-ADV2D:1:1101:15374:1381 1:N:0:2,Secuenciacion4_correctedshortReads.fasta,GAGGAGCGGATGGTAGACCAAAATATACTGGG,final,False,0,,32,0.03141460100596305,4
M01564:53:000000000-ADV2D:1:1101:15633:1347 1:N:0:2,Secuenciacion4_correctedshortReads.fasta,ATTG,inicio,True,9719,142;1795;1987;2100;2399;2628;2980;3186;3430;3631,4,0.02442663599504158,4
M01564:53:000000000-ADV2D:1:1101:15633:1347 1:N:0:2,Secuenciacion4_correctedshortReads.fasta,CCTG,centro,True,20467,60;123;252;375;402;624;642;779;954;1023,4,0.02622391800105106,4
M01564:53:000000000-ADV2D:1:1101:15633:1347 1:N:0:2,Secuenciacion4_correctedshortReads.fasta,ACGG,final,True,14182,359;467;548;599;713;1054;1244;1278;1325;1547,4,0.02589050399546977,4
M01564:53:000000000-ADV2D:1:1101:15633:1347 1:N:0:2,Secuenciacion4_correctedshortReads.fasta,ATTGCCTT,inicio,True,45,76669;303863;326721;416155;425476;510923;547734;556597;698047;793648,8,0.025178815994877368,4
M01564:53:000000000-ADV2D:1:1101:15633:1347 1:N:0:2,Secuenciacion4_correctedshortReads.fasta,ACCCTGGC,centro,True,167,6196;6724;26441;64277;66027;67589;76411;106652;115726;124259,8,0.02613283900427632,4
M01564:53:000000000-ADV2D:1:1101:15633:1347 1:N:0:2,Secuenciacion4_correctedshortReads.fasta,TGGAACGG,final,True,86,3122;3590;4022;36465;47913;82606;82704;109201;147162;163341,8,0.023422352998750284,4
M01564:53:000000000-ADV2D:1:1101:15633:1347 1:N:0:2,Secuenciacion4_correctedshortReads.fasta,ATTGCCTTCTAC,inicio,False,0,,12,0.023046071990393102,4
M01564:53:000000000-ADV2D:1:1101:15633:1347 1:N:0:2,Secuenciacion4_correctedshortReads.fasta,TTACCCTGGCCT,centro,False,0,,12,0.02421963500091806,4
M01564:53:000000000-ADV2D:1:1101:15633:1347 1:N:0:2,Secuenciacion4_correctedshortReads.fasta,GGCGTGGAACGG,final,False,0,,12,0.025347180999233387,4
M01564:53:000000000-ADV2D:1:1101:15633:1347 1:N:0:2,Secuenciacion4_correctedshortReads.fasta,ATTGCCTTCTACACGG,inicio,False,0,,16,0.02341359600541182,4
M01564:53:000000000-ADV2D:1:1101:15633:1347 1:N:0:2,Secuenciacion4_correctedshortReads.fasta,ATTTACCCTGGCCTTC,centro,False,0,,16,0.02546246600104496,4
M01564:53:000000000-ADV2D:1:1101:15633:1347 1:N:0:2,Secuenciacion4_correctedshortReads.fasta,CTGGGGCGTGGAACGG,final,False,0,,16,0.027714363008271903,4
M01564:53:000000000-ADV2D:1:1101:15633:1347 1:N:0:2,Secuenciacion4_correctedshortReads.fasta,ATTGCCTTCTACACGGAGGTACTC,inicio,False,0,,24,0.02424567300477065,4
M01564:53:000000000-ADV2D:1:1101:15633:1347 1:N:0:2,Secuenciacion4_correctedshortReads.fasta,GCAAATTTACCCTGGCCTTCGTCG,centro,False,0,,24,0.02565338100248482,4
M01564:53:000000000-ADV2D:1:1101:15633:1347 1:N:0:2,Secuenciacion4_correctedshortReads.fasta,ACCTATAACTGGGGCGTGGAACGG,final,False,0,,24,0.022674156993161887,4
M01564:53:000000000-ADV2D:1:1101:15633:1347 1:N:0:2,Secuenciacion4_correctedshortReads.fasta,ATTGCCTTCTACACGGAGGTACTCGGCATGCA,inicio,False,0,,32,0.028264941996894777,4
M01564:53:000000000-ADV2D:1:1101:15633:1347 1:N:0:2,Secuenciacion4_correctedshortReads.fasta,GAAGGCAAATTTACCCTGGCCTTCGTCGGTTA,centro,False,0,,32,0.026963184005580842,4
M01564:53:000000000-ADV2D:1:1101:15633:1347 1:N:0:2,Secuenciacion4_correctedshortReads.fasta,TTGAGCTGACCTATAACTGGGGCGTGGAACGG,final,False,0,,32,0.027244287994108163,4
M01564:53:000000000-ADV2D:1:1101:16667:1387 1:N:0:2,Secuenciacion4_correctedshortReads.fasta,CGGC,inicio,True,30473,151;360;468;549;714;1279;1427;1548;1562;1606,4,0.028339551005046815,4
M01564:53:000000000-ADV2D:1:1101:16667:1387 1:N:0:2,Secuenciacion4_correctedshortReads.fasta,CTTG,centro,True,10049,281;879;1231;1319;2216;2577;2802;3108;4056;4065,4,0.03365730399673339,4
M01564:53:000000000-ADV2D:1:1101:16667:1387 1:N:0:2,Secuenciacion4_correctedshortReads.fasta,GATT,final,True,10092,702;808;996;2066;2099;2167;2251;3185;3508;3642,4,0.025958030004403554,4
M01564:53:000000000-ADV2D:1:1101:16667:1387 1:N:0:2,Secuenciacion4_correctedshortReads.fasta,CGGCGTGC,inicio,True,142,2829;26473;56635;68650;81503;118926;127182;127842;138659;182379,8,0.02542766100668814,4
M01564:53:000000000-ADV2D:1:1101:16667:1387 1:N:0:2,Secuenciacion4_correctedshortReads.fasta,CGCTTGGC,centro,True,77,125443;224143;227304;271829;303270;353066;391302;429195;456554;460252,8,0.025586668998585083,4
M01564:53:000000000-ADV2D:1:1101:16667:1387 1:N:0:2,Secuenciacion4_correctedshortReads.fasta,ACCCGATT,final,True,27,101254;395717;635593;663678;978813;988085;988223;1141496;1225353;1490178,8,0.025526741999783553,4
M01564:53:000000000-ADV2D:1:1101:16667:1387 1:N:0:2,Secuenciacion4_correctedshortReads.fasta,CGGCGTGCCACG,inicio,True,1,1464435,12,0.030527998009347357,4
M01564:53:000000000-ADV2D:1:1101:16667:1387 1:N:0:2,Secuenciacion4_correctedshortReads.fasta,CACGCTTGGCAA,centro,False,0,,12,0.02698552700167056,4
M01564:53:000000000-ADV2D:1:1101:16667:1387 1:N:0:2,Secuenciacion4_correctedshortReads.fasta,CTTGACCCGATT,final,False,0,,12,0.02635749799082987,4
M01564:53:000000000-ADV2D:1:1101:16667:1387 1:N:0:2,Secuenciacion4_correctedshortReads.fasta,CGGCGTGCCACGTCCA,inicio,False,0,,16,0.025640478008426726,4
M01564:53:000000000-ADV2D:1:1101:16667:1387 1:N:0:2,Secuenciacion4_correctedshortReads.fasta,GGCACGCTTGGCAAGA,centro,False,0,,16,0.024118433997500688,4
M01564:53:000000000-ADV2D:1:1101:16667:1387 1:N:0:2,Secuenciacion4_correctedshortReads.fasta,CGAGCTTGACCCGATT,final,False,0,,16,0.025779563991818577,4
M01564:53:000000000-ADV2D:1:1101:16667:1387 1:N:0:2,Secuenciacion4_correctedshortReads.fasta,CGGCGTGCCACGTCCAGCCTGATG,inicio,False,0,,24,0.026800154999364167,4
M01564:53:000000000-ADV2D:1:1101:16667:1387 1:N:0:2,Secuenciacion4_correctedshortReads.fasta,TGATGGCACGCTTGGCAAGAAGGC,centro,False,0,,24,0.022938384994631633,4
M01564:53:000000000-ADV2D:1:1101:16667:1387 1:N:0:2,Secuenciacion4_correctedshortReads.fasta,AAGGCCGTCGAGCTTGACCCGATT,final,False,0,,24,0.02329015800205525,4
M01564:53:000000000-ADV2D:1:1101:16667:1387 1:N:0:2,Secuenciacion4_correctedshortReads.fasta,CGGCGTGCCACGTCCAGCCTGATGGCACGCTT,inicio,False,0,,32,0.031201076999423094,4
M01564:53:000000000-ADV2D:1:1101:16667:1387 1:N:0:2,Secuenciacion4_correctedshortReads.fasta,AGCCTGATGGCACGCTTGGCAAGAAGGCCGTC,centro,False,0,,32,0.024861202997271903,4
M01564:53:000000000-ADV2D:1:1101:16667:1387 1:N:0:2,Secuenciacion4_correctedshortReads.fasta,TTGGCAAGAAGGCCGTCGAGCTTGACCCGATT,final,False,0,,32,0.02338756900280714,4
M01564:53:000000000-ADV2D:1:1101:14783:1402 1:N:0:2,Secuenciacion4_correctedshortReads.fasta,GACG,inicio,True,14006,37;358;529;598;712;793;892;1053;1373;1376,4,0.0265634210081771,4
M01564:53:000000000-ADV2D:1:1101:14783:1402 1:N:0:2,Secuenciacion4_correctedshortReads.fasta,TTTG,centro,True,10957,631;1086;1178;1498;1535;2141;2196;2761;3075;3679,4,0.030317937009385787,4
M01564:53:000000000-ADV2D:1:1101:14783:1402 1:N:0:2,Secuenciacion4_correctedshortReads.fasta,GGTT,final,True,10037,1472;1826;2037;2565;2586;2647;2757;3153;5165;6004,4,0.024898953997762874,4
M01564:53:000000000-ADV2D:1:1101:14783:1402 1:N:0:2,Secuenciacion4_correctedshortReads.fasta,GACGAGGA,inicio,True,63,56963;106904;148612;359259;361014;392533;410444;410495;421776;509545,8,0.025923474997398444,4
M01564:53:000000000-ADV2D:1:1101:14783:1402 1:N:0:2,Secuenciacion4_correctedshortReads.fasta,TCTTTGCT,centro,True,33,2139;24120;245813;822576;921679;953918;1032438;1071036;1083110;1185309,8,0.036006824011565186,4
M01564:53:000000000-ADV2D:1:1101:14783:1402 1:N:0:2,Secuenciacion4_correctedshortReads.fasta,AATGGGTT,final,True,32,137043;186785;219091;233933;406764;520574;565734;741795;933327;1085743,8,0.022150959994178265,4
M01564:53:000000000-ADV2D:1:1101:14783:1402 1:N:0:2,Secuenciacion4_correctedshortReads.fasta,GACGAGGAGTTC,inicio,False,0,,12,0.026370079998741858,4
M01564:53:000000000-ADV2D:1:1101:14783:1402 1:N:0:2,Secuenciacion4_correctedshortReads.fasta,TTTCTTTGCTGA,centro,False,0,,12,0.02157727800658904,4
M01564:53:000000000-ADV2D:1:1101:14783:1402 1:N:0:2,Secuenciacion4_correctedshortReads.fasta,CCCCAATGGGTT,final,False,0,,12,0.023658146004891023,4
M01564:53:000000000-ADV2D:1:1101:14783:1402 1:N:0:2,Secuenciacion4_correctedshortReads.fasta,GACGAGGAGTTCCGCT,inicio,False,0,,16,0.025657569989562035,4
M01564:53:000000000-ADV2D:1:1101:14783:1402 1:N:0:2,Secuenciacion4_correctedshortReads.fasta,TGTTTCTTTGCTGATC,centro,False,0,,16,0.02284691800014116,4
M01564:53:000000000-ADV2D:1:1101:14783:1402 1:N:0:2,Secuenciacion4_correctedshortReads.fasta,TTCGCCCCAATGGGTT,final,False,0,,16,0.023302760993828997,4
M01564:53:000000000-ADV2D:1:1101:14783:1402 1:N:0:2,Secuenciacion4_correctedshortReads.fasta,GACGAGGAGTTCCGCTTGTTTCGC,inicio,False,0,,24,0.024710751997190528,4
M01564:53:000000000-ADV2D:1:1101:14783:1402 1:N:0:2,Secuenciacion4_correctedshortReads.fasta,CGTGTGTTTCTTTGCTGATCATTG,centro,False,0,,24,0.028211031007231213,4
M01564:53:000000000-ADV2D:1:1101:14783:1402 1:N:0:2,Secuenciacion4_correctedshortReads.fasta,GAAGGGCATTCGCCCCAATGGGTT,final,False,0,,24,0.02496431299368851,4
M01564:53:000000000-ADV2D:1:1101:14783:1402 1:N:0:2,Secuenciacion4_correctedshortReads.fasta,GACGAGGAGTTCCGCTTGTTTCGCCGTCTCCA,inicio,False,0,,32,0.025800778006669134,4
M01564:53:000000000-ADV2D:1:1101:14783:1402 1:N:0:2,Secuenciacion4_correctedshortReads.fasta,AAAGCGTGTGTTTCTTTGCTGATCATTGTTTT,centro,False,0,,32,0.03385370199976023,4
M01564:53:000000000-ADV2D:1:1101:14783:1402 1:N:0:2,Secuenciacion4_correctedshortReads.fasta,CGATCCCCGAAGGGCATTCGCCCCAATGGGTT,final,False,0,,32,0.024789037997834384,4
M01564:53:000000000-ADV2D:1:1101:15100:1411 1:N:0:2,Secuenciacion4_correctedshortReads.fasta,TATG,inicio,True,7540,132;307;1454;2650;2884;3120;4300;4341;4672;4742,4,0.024334856992936693,4
M01564:53:000000000-ADV2D:1:1101:15100:1411 1:N:0:2,Secuenciacion4_correctedshortReads.fasta,CAGG,centro,True,20383,197;460;574;661;829;862;976;1012;1078;1733,4,0.027401148006902076,4
M01564:53:000000000-ADV2D:1:1101:15100:1411 1:N:0:2,Secuenciacion4_correctedshortReads.fasta,CCGG,final,True,26058,150;157;262;274;816;1132;1404;1426;1561;1597,4,0.033037311004591174,4
M01564:53:000000000-ADV2D:1:1101:15100:1411 1:N:0:2,Secuenciacion4_correctedshortReads.fasta,TATGGCTG,inicio,True,52,101789;105946;176752;179667;205120;310208;337719;402460;450237;489268,8,0.02355061800335534,4
M01564:53:000000000-ADV2D:1:1101:15100:1411 1:N:0:2,Secuenciacion4_correctedshortReads.fasta,GCCAGGAA,centro,True,131,11408;23531;37650;147180;173481;199428;211083;218682;234812;310997,8,0.025736618001246825,4
M01564:53:000000000-ADV2D:1:1101:15100:1411 1:N:0:2,Secuenciacion4_correctedshortReads.fasta,AATTCCGG,final,True,72,2824;8827;38035;160819;179165;237383;263535;370856;451118;463156,8,0.02175706399430055,4
M01564:53:000000000-ADV2D:1:1101:15100:1411 1:N:0:2,Secuenciacion4_correctedshortReads.fasta,TATGGCTGGTCC,inicio,False,0,,12,0.023242930008564144,4
M01564:53:000000000-ADV2D:1:1101:15100:1411 1:N:0:2,Secuenciacion4_correctedshortReads.fasta,CCGCCAGGAATC,centro,False,0,,12,0.025085789995500818,4
M01564:53:000000000-ADV2D:1:1101:15100:1411 1:N:0:2,Secuenciacion4_correctedshortReads.fasta,CCGGAATTCCGG,final,True,2,1639799;2507158,12,0.025411810987861827,4
M01564:53:000000000-ADV2D:1:1101:15100:1411 1:N:0:2,Secuenciacion4_correctedshortReads.fasta,TATGGCTGGTCCAGAC,inicio,False,0,,16,0.02320698299445212,4
M01564:53:000000000-ADV2D:1:1101:15100:1411 1:N:0:2,Secuenciacion4_correctedshortReads.fasta,ATCCGCCAGGAATCTT,centro,False,0,,16,0.023103389001335017,4
M01564:53:000000000-ADV2D:1:1101:15100:1411 1:N:0:2,Secuenciacion4_correctedshortReads.fasta,TTCGCCGGAATTCCGG,final,False,0,,16,0.02217892199405469,4
M01564:53:000000000-ADV2D:1:1101:15100:1411 1:N:0:2,Secuenciacion4_correctedshortReads.fasta,TATGGCTGGTCCAGACCTTCGGCT,inicio,False,0,,24,0.02425428800052032,4
M01564:53:000000000-ADV2D:1:1101:15100:1411 1:N:0:2,Secuenciacion4_correctedshortReads.fasta,GGATATCCGCCAGGAATCTTCCGT,centro,False,0,,24,0.023793768996256404,4
M01564:53:000000000-ADV2D:1:1101:15100:1411 1:N:0:2,Secuenciacion4_correctedshortReads.fasta,CCGAGCTTTTCGCCGGAATTCCGG,final,False,0,,24,0.0289199050021125,4
M01564:53:000000000-ADV2D:1:1101:15100:1411 1:N:0:2,Secuenciacion4_correctedshortReads.fasta,TATGGCTGGTCCAGACCTTCGGCTTTCACCTG,inicio,False,0,,32,0.02520776799065061,4
M01564:53:000000000-ADV2D:1:1101:15100:1411 1:N:0:2,Secuenciacion4_correctedshortReads.fasta,ACCTGGATATCCGCCAGGAATCTTCCGTACAC,centro,False,0,,32,0.02421953500015661,4
M01564:53:000000000-ADV2D:1:1101:15100:1411 1:N:0:2,Secuenciacion4_correctedshortReads.fasta,CACCATCGCCGAGCTTTTCGCCGGAATTCCGG,final,False,0,,32,0.03448426999966614,4
M01564:53:000000000-ADV2D:1:1101:14200:1432 1:N:0:2,Secuenciacion4_correctedshortReads.fasta,AATA,inicio,True,6744,14;130;139;800;1144;1447;1623;3046;3989;4280,4,0.02738692201091908,4
M01564:53:000000000-ADV2D:1:1101:14200:1432 1:N:0:2,Secuenciacion4_correctedshortReads.fasta,AGAC,centro,True,7555,36;357;1137;1332;1594;1714;3236;4527;4624;4896,4,0.039264057006221265,4
M01564:53:000000000-ADV2D:1:1101:14200:1432 1:N:0:2,Secuenciacion4_correctedshortReads.fasta,CGCT,final,True,15485,211;219;294;394;494;841;1032;1045;1451;1467,4,0.02675538200128358,4
M01564:53:000000000-ADV2D:1:1101:14200:1432 1:N:0:2,Secuenciacion4_correctedshortReads.fasta,AATACCCT,inicio,True,34,76408;171699;272571;286642;469381;478013;726232;1055489;1061960;1076203,8,0.03111299200099893,4
M01564:53:000000000-ADV2D:1:1101:14200:1432 1:N:0:2,Secuenciacion4_correctedshortReads.fasta,TCAGACGG,centro,True,42,49068;55684;121238;150484;303284;377151;377634;457267;484928;580085,8,0.028306958003668115,4
M01564:53:000000000-ADV2D:1:1101:14200:1432 1:N:0:2,Secuenciacion4_correctedshortReads.fasta,TCGGCGCT,final,True,128,4587;16636;96212;141265;157516;169441;172781;205706;233513;242218,8,0.025523299991618842,4
M01564:53:000000000-ADV2D:1:1101:14200:1432 1:N:0:2,Secuenciacion4_correctedshortReads.fasta,AATACCCTGTTC,inicio,False,0,,12,0.023583044996485114,4
M01564:53:000000000-ADV2D:1:1101:14200:1432 1:N:0:2,Secuenciacion4_correctedshortReads.fasta,ATTCAGACGGCG,centro,False,0,,12,0.024181512999348342,4
M01564:53:000000000-ADV2D:1:1101:14200:1432 1:N:0:2,Secuenciacion4_correctedshortReads.fasta,TTCTTCGGCGCT,final,True,2,395963;2132048,12,0.02241699499427341,4
M01564:53:000000000-ADV2D:1:1101:14200:1432 1:N:0:2,Secuenciacion4_correctedshortReads.fasta,AATACCCTGTTCCATC,inicio,False,0,,16,0.025546969001879916,4
M01564:53:000000000-ADV2D:1:1101:14200:1432 1:N:0:2,Secuenciacion4_correctedshortReads.fasta,TGATTCAGACGGCGCT,centro,False,0,,16,0.03552125200803857,4
M01564:53:000000000-ADV2D:1:1101:14200:1432 1:N:0:2,Secuenciacion4_correctedshortReads.fasta,CGCGTTCTTCGGCGCT,final,False,0,,16,0.02490037500683684,4
M01564:53:000000000-ADV2D:1:1101:14200:1432 1:N:0:2,Secuenciacion4_correctedshortReads.fasta,AATACCCTGTTCCATCAACTGATT,inicio,False,0,,24,0.022485084002255462,4
M01564:53:000000000-ADV2D:1:1101:14200:1432 1:N:0:2,Secuenciacion4_correctedshortReads.fasta,CAACTGATTCAGACGGCGCTTACC,centro,False,0,,24,0.02999156700388994,4
M01564:53:000000000-ADV2D:1:1101:14200:1432 1:N:0:2,Secuenciacion4_correctedshortReads.fasta,GCGCTTACCGCGTTCTTCGGCGCT,final,False,0,,24,0.025755612994544208,4
M01564:53:000000000-ADV2D:1:1101:14200:1432 1:N:0:2,Secuenciacion4_correctedshortReads.fasta,AATACCCTGTTCCATCAACTGATTCAGACGGC,inicio,False,0,,32,0.022892863999004476,4
M01564:53:000000000-ADV2D:1:1101:14200:1432 1:N:0:2,Secuenciacion4_correctedshortReads.fasta,CCATCAACTGATTCAGACGGCGCTTACCGCGT,centro,False,0,,32,0.02413512600469403,4
M01564:53:000000000-ADV2D:1:1101:14200:1432 1:N:0:2,Secuenciacion4_correctedshortReads.fasta,TTCAGACGGCGCTTACCGCGTTCTTCGGCGCT,final,False,0,,32,0.02700984700641129,4
M01564:53:000000000-ADV2D:1:1101:14328:1447 1:N:0:2,Secuenciacion4_correctedshortReads.fasta,CCAC,inicio,True,14771,444;593;920;1312;1531;1900;2154;2424;3744;4061,4,0.025864737006486394,4
M01564:53:000000000-ADV2D:1:1101:14328:1447 1:N:0:2,Secuenciacion4_correctedshortReads.fasta,CACG,centro,True,11089,1059;1313;1517;1609;1871;2094;2425;2482;2581;2671,4,0.027058587002102286,4
M01564:53:000000000-ADV2D:1:1101:14328:1447 1:N:0:2,Secuenciacion4_correctedshortReads.fasta,ACGG,final,True,14182,359;467;548;599;713;1054;1244;1278;1325;1547,4,0.026568613000563346,4
M01564:53:000000000-ADV2D:1:1101:14328:1447 1:N:0:2,Secuenciacion4_correctedshortReads.fasta,CCACCGAT,inicio,True,88,115280;124602;127877;203040;206979;281801;302251;397279;415036;415944,8,0.02440690400544554,4
M01564:53:000000000-ADV2D:1:1101:14328:1447 1:N:0:2,Secuenciacion4_correctedshortReads.fasta,GCCACGGA,centro,True,89,54440;120348;152877;172165;174832;178997;211756;244985;262623;293025,8,0.027388813003199175,4
M01564:53:000000000-ADV2D:1:1101:14328:1447 1:N:0:2,Secuenciacion4_correctedshortReads.fasta,CGGAACGG,final,True,94,8782;10512;67889;72380;117251;188368;203900;256964;282461;363269,8,0.02596818099846132,4
M01564:53:000000000-ADV2D:1:1101:14328:1447 1:N:0:2,Secuenciacion4_correctedshortReads.fasta,CCACCGATAATT,inicio,False,0,,12,0.027551859995583072,4
M01564:53:000000000-ADV2D:1:1101:14328:1447 1:N:0:2,Secuenciacion4_correctedshortReads.fasta,TGGCCACGGAGC,centro,False,0,,12,0.024034243004280142,4
M01564:53:000000000-ADV2D:1:1101:14328:1447 1:N:0:2,Secuenciacion4_correctedshortReads.fasta,AAGCCGGAACGG,final,False,0,,12,0.02666822100582067,4
M01564:53:000000000-ADV2D:1:1101:14328:1447 1:N:0:2,Secuenciacion4_correctedshortReads.fasta,CCACCGATAATTCCCG,inicio,False,0,,16,0.024593864000053145,4
M01564:53:000000000-ADV2D:1:1101:14328:1447 1:N:0:2,Secuenciacion4_correctedshortReads.fasta,GTTGGCCACGGAGCGC,centro,False,0,,16,0.029207416999270208,4
M01564:53:000000000-ADV2D:1:1101:14328:1447 1:N:0:2,Secuenciacion4_correctedshortReads.fasta,GCAAAAGCCGGAACGG,final,False,0,,16,0.02702487500209827,4
M01564:53:000000000-ADV2D:1:1101:14328:1447 1:N:0:2,Secuenciacion4_correctedshortReads.fasta,CCACCGATAATTCCCGGTTTCATT,inicio,False,0,,24,0.0237092840106925,4
M01564:53:000000000-ADV2D:1:1101:14328:1447 1:N:0:2,Secuenciacion4_correctedshortReads.fasta,TCCGGTTGGCCACGGAGCGCCAAC,centro,False,0,,24,0.023555072999442928,4
M01564:53:000000000-ADV2D:1:1101:14328:1447 1:N:0:2,Secuenciacion4_correctedshortReads.fasta,CAAGCCCCGCAAAAGCCGGAACGG,final,False,0,,24,0.028605788000277244,4
M01564:53:000000000-ADV2D:1:1101:14328:1447 1:N:0:2,Secuenciacion4_correctedshortReads.fasta,CCACCGATAATTCCCGGTTTCATTCCGGTTGG,inicio,False,0,,32,0.03615931700915098,4
M01564:53:000000000-ADV2D:1:1101:14328:1447 1:N:0:2,Secuenciacion4_correctedshortReads.fasta,TCATTCCGGTTGGCCACGGAGCGCCAACCAAG,centro,False,0,,32,0.024013885005842894,4
M01564:53:000000000-ADV2D:1:1101:14328:1447 1:N:0:2,Secuenciacion4_correctedshortReads.fasta,GCGCCAACCAAGCCCCGCAAAAGCCGGAACGG,final,False,0,,32,0.033133941993582994,4
M01564:53:000000000-ADV2D:1:1101:17462:1448 1:N:0:2,Secuenciacion4_correctedshortReads.fasta,GTCT,inicio,True,7905,584;608;1175;1210;1538;1809;1992;2004;2199;2279,4,0.026500976004172117,4
M01564:53:000000000-ADV2D:1:1101:17462:1448 1:N:0:2,Secuenciacion4_correctedshortReads.fasta,GGCA,centro,True,21596,63;277;469;519;1195;1286;1329;1580;1607;1731,4,0.032424870994873345,4
M01564:53:000000000-ADV2D:1:1101:17462:1448 1:N:0:2,Secuenciacion4_correctedshortReads.fasta,GGTT,final,True,10037,1472;1826;2037;2565;2586;2647;2757;3153;5165;6004,4,0.024562604987295344,4
M01564:53:000000000-ADV2D:1:1101:17462:1448 1:N:0:2,Secuenciacion4_correctedshortReads.fasta,GTCTTCGA,inicio,True,58,2353;196494;352786;372642;386016;421188;434849;474860;476238;560876,8,0.029373611992923543,4
M01564:53:000000000-ADV2D:1:1101:17462:1448 1:N:0:2,Secuenciacion4_correctedshortReads.fasta,CCGGCAGC,centro,True,212,5181;22131;24488;25876;36108;44378;51862;63393;65782;67158,8,0.025157875003060326,4
M01564:53:000000000-ADV2D:1:1101:17462:1448 1:N:0:2,Secuenciacion4_correctedshortReads.fasta,TACCGGTT,final,True,40,105925;228910;239345;364500;377095;517564;583569;650237;652716;669546,8,0.02237863499613013,4
M01564:53:000000000-ADV2D:1:1101:17462:1448 1:N:0:2,Secuenciacion4_correctedshortReads.fasta,GTCTTCGAGAAT,inicio,True,2,352786;476238,12,0.02731254200625699,4
M01564:53:000000000-ADV2D:1:1101:17462:1448 1:N:0:2,Secuenciacion4_correctedshortReads.fasta,GGCCGGCAGCGA,centro,True,1,476258,12,0.024821600003633648,4
M01564:53:000000000-ADV2D:1:1101:17462:1448 1:N:0:2,Secuenciacion4_correctedshortReads.fasta,CCCGTACCGGTT,final,False,0,,12,0.02341380700818263,4
M01564:53:000000000-ADV2D:1:1101:17462:1448 1:N:0:2,Secuenciacion4_correctedshortReads.fasta,GTCTTCGAGAATTTTG,inicio,True,1,476238,16,0.024728806005441584,4
M01564:53:000000000-ADV2D:1:1101:17462:1448 1:N:0:2,Secuenciacion4_correctedshortReads.fasta,ATGGCCGGCAGCGACG,centro,True,1,476256,16,0.02276575900032185,4
M01564:53:000000000-ADV2D:1:1101:17462:1448 1:N:0:2,Secuenciacion4_correctedshortReads.fasta,TCGCCCCGTACCGGTT,final,False,0,,16,0.025102969011641107,4
M01564:53:000000000-ADV2D:1:1101:17462:1448 1:N:0:2,Secuenciacion4_correctedshortReads.fasta,GTCTTCGAGAATTTTGCCATGGCC,inicio,True,1,476238,24,0.025131351008894853,4
M01564:53:000000000-ADV2D:1:1101:17462:1448 1:N:0:2,Secuenciacion4_correctedshortReads.fasta,TGCCATGGCCGGCAGCGACGATTT,centro,True,1,476252,24,0.0353037199965911,4
M01564:53:000000000-ADV2D:1:1101:17462:1448 1:N:0:2,Secuenciacion4_correctedshortReads.fasta,CGACGATTTCGCCCCGTACCGGTT,final,False,0,,24,0.04016391999903135,4
M01564:53:000000000-ADV2D:1:1101:17462:1448 1:N:0:2,Secuenciacion4_correctedshortReads.fasta,GTCTTCGAGAATTTTGCCATGGCCGGCAGCGA,inicio,True,1,476238,32,0.025005300994962454,4
M01564:53:000000000-ADV2D:1:1101:17462:1448 1:N:0:2,Secuenciacion4_correctedshortReads.fasta,ATTTTGCCATGGCCGGCAGCGACGATTTCGCC,centro,True,1,476248,32,0.023603613997693174,4
M01564:53:000000000-ADV2D:1:1101:17462:1448 1:N:0:2,Secuenciacion4_correctedshortReads.fasta,GCCGGCAGCGACGATTTCGCCCCGTACCGGTT,final,False,0,,32,0.026694066007621586,4
M01564:53:000000000-ADV2D:1:1101:15377:1452 1:N:0:2,Secuenciacion4_correctedshortReads.fasta,GGCG,inicio,True,33247,126;152;321;361;550;715;985;1271;1280;1338,4,0.028687669007922523,4
M01564:53:000000000-ADV2D:1:1101:15377:1452 1:N:0:2,Secuenciacion4_correctedshortReads.fasta,GGCG,centro,True,33247,126;152;321;361;550;715;985;1271;1280;1338,4,0.03426989899890032,4
M01564:53:000000000-ADV2D:1:1101:15377:1452 1:N:0:2,Secuenciacion4_correctedshortReads.fasta,GCCT,final,True,15239,452;627;641;778;865;877;1379;1478;1501;1512,4,0.02673116500955075,4
M01564:53:000000000-ADV2D:1:1101:15377:1452 1:N:0:2,Secuenciacion4_correctedshortReads.fasta,GGCGCGGT,inicio,True,164,32630;34955;71707;87767;95402;147444;173306;176213;221186;225238,8,0.02851708300295286,4
M01564:53:000000000-ADV2D:1:1101:15377:1452 1:N:0:2,Secuenciacion4_correctedshortReads.fasta,AGGGCGTC,centro,True,124,42813;54833;63519;66321;117546;148277;178762;182454;217434;218022,8,0.033299798000371084,4
M01564:53:000000000-ADV2D:1:1101:15377:1452 1:N:0:2,Secuenciacion4_correctedshortReads.fasta,GCCCGCCT,final,True,141,19303;62820;106971;117213;119086;128924;129246;164016;166803;195351,8,0.027820962000987493,4
M01564:53:000000000-ADV2D:1:1101:15377:1452 1:N:0:2,Secuenciacion4_correctedshortReads.fasta,GGCGCGGTCGGA,inicio,True,1,2240066,12,0.024980353002320044,4
M01564:53:000000000-ADV2D:1:1101:15377:1452 1:N:0:2,Secuenciacion4_correctedshortReads.fasta,GAAGGGCGTCAG,centro,True,1,558129,12,0.024528210997232236,4
M01564:53:000000000-ADV2D:1:1101:15377:1452 1:N:0:2,Secuenciacion4_correctedshortReads.fasta,CACCGCCCGCCT,final,True,1,599050,12,0.030894734009052627,4
M01564:53:000000000-ADV2D:1:1101:15377:1452 1:N:0:2,Secuenciacion4_correctedshortReads.fasta,GGCGCGGTCGGAAGCG,inicio,False,0,,16,0.024431162994005717,4
M01564:53:000000000-ADV2D:1:1101:15377:1452 1:N:0:2,Secuenciacion4_correctedshortReads.fasta,AGGAAGGGCGTCAGGA,centro,False,0,,16,0.024281865000375547,4
M01564:53:000000000-ADV2D:1:1101:15377:1452 1:N:0:2,Secuenciacion4_correctedshortReads.fasta,CCGGCACCGCCCGCCT,final,False,0,,16,0.026311623005312867,4
M01564:53:000000000-ADV2D:1:1101:15377:1452 1:N:0:2,Secuenciacion4_correctedshortReads.fasta,GGCGCGGTCGGAAGCGGCGCTGAT,inicio,False,0,,24,0.03174970200052485,4
M01564:53:000000000-ADV2D:1:1101:15377:1452 1:N:0:2,Secuenciacion4_correctedshortReads.fasta,CTGCAGGAAGGGCGTCAGGAACTG,centro,False,0,,24,0.02526646899059415,4
M01564:53:000000000-ADV2D:1:1101:15377:1452 1:N:0:2,Secuenciacion4_correctedshortReads.fasta,AGTGCGTGCCGGCACCGCCCGCCT,final,False,0,,24,0.02524460900167469,4
M01564:53:000000000-ADV2D:1:1101:15377:1452 1:N:0:2,Secuenciacion4_correctedshortReads.fasta,GGCGCGGTCGGAAGCGGCGCTGATCCGCTATC,inicio,False,0,,32,0.03466631000628695,4
M01564:53:000000000-ADV2D:1:1101:15377:1452 1:N:0:2,Secuenciacion4_correctedshortReads.fasta,GGCGCTGCAGGAAGGGCGTCAGGAACTGCGAG,centro,False,0,,32,0.023900749001768418,4
M01564:53:000000000-ADV2D:1:1101:15377:1452 1:N:0:2,Secuenciacion4_correctedshortReads.fasta,CAGGAGGAAGTGCGTGCCGGCACCGCCCGCCT,final,False,0,,32,0.02633909200085327,4
M01564:53:000000000-ADV2D:1:1101:17479:1456 1:N:0:2,Secuenciacion4_correctedshortReads.fasta,CGTA,inicio,True,6700,431;588;910;1567;2907;3103;4339;5073;5485;6234,4,0.026434161001816392,4
M01564:53:000000000-ADV2D:1:1101:17479:1456 1:N:0:2,Secuenciacion4_correctedshortReads.fasta,AAGG,centro,True,11834,379;534;569;983;1102;1832;1836;2222;2276;2563,4,0.022860936005599797,4
M01564:53:000000000-ADV2D:1:1101:17479:1456 1:N:0:2,Secuenciacion4_correctedshortReads.fasta,GGTG,final,True,20540,564;1015;1297;1694;2014;2103;2129;2179;2268;2472,4,0.0277840109920362,4
M01564:53:000000000-ADV2D:1:1101:17479:1456 1:N:0:2,Secuenciacion4_correctedshortReads.fasta,CGTAATCG,inicio,True,36,69755;127815;171117;221599;282618;449991;483117;517954;554459;621252,8,0.02646429798915051,4
M01564:53:000000000-ADV2D:1:1101:17479:1456 1:N:0:2,Secuenciacion4_correctedshortReads.fasta,TTAAGGCG,centro,True,13,147204;228927;305143;478863;927644;931793;1712340;1984260;2124679;2239561,8,0.022281594006926753,4
M01564:53:000000000-ADV2D:1:1101:17479:1456 1:N:0:2,Secuenciacion4_correctedshortReads.fasta,CTTTGGTG,final,True,61,43727;123832;156921;211574;270699;309394;325146;391872;464279;501735,8,0.024575878996984102,4
M01564:53:000000000-ADV2D:1:1101:17479:1456 1:N:0:2,Secuenciacion4_correctedshortReads.fasta,CGTAATCGCCCT,inicio,False,0,,12,0.025235781009541824,4
M01564:53:000000000-ADV2D:1:1101:17479:1456 1:N:0:2,Secuenciacion4_correctedshortReads.fasta,CTTTAAGGCGTT,centro,False,0,,12,0.02625427598832175,4
M01564:53:000000000-ADV2D:1:1101:17479:1456 1:N:0:2,Secuenciacion4_correctedshortReads.fasta,TGGCCTTTGGTG,final,False,0,,12,0.025794906992814504,4
M01564:53:000000000-ADV2D:1:1101:17479:1456 1:N:0:2,Secuenciacion4_correctedshortReads.fasta,CGTAATCGCCCTGATC,inicio,False,0,,16,0.026215132005745545,4
M01564:53:000000000-ADV2D:1:1101:17479:1456 1:N:0:2,Secuenciacion4_correctedshortReads.fasta,GCCTTTAAGGCGTTCT,centro,False,0,,16,0.025954108001315035,4
M01564:53:000000000-ADV2D:1:1101:17479:1456 1:N:0:2,Secuenciacion4_correctedshortReads.fasta,GCCTTGGCCTTTGGTG,final,False,0,,16,0.028036308998707682,4
M01564:53:000000000-ADV2D:1:1101:17479:1456 1:N:0:2,Secuenciacion4_correctedshortReads.fasta,CGTAATCGCCCTGATCGCCAACTT,inicio,False,0,,24,0.025242335002985783,4
M01564:53:000000000-ADV2D:1:1101:17479:1456 1:N:0:2,Secuenciacion4_correctedshortReads.fasta,CGTCGCCTTTAAGGCGTTCTACCT,centro,False,0,,24,0.025713915994856507,4
M01564:53:000000000-ADV2D:1:1101:17479:1456 1:N:0:2,Secuenciacion4_correctedshortReads.fasta,TGTCGCCAGCCTTGGCCTTTGGTG,final,False,0,,24,0.024090571998385713,4
M01564:53:000000000-ADV2D:1:1101:17479:1456 1:N:0:2,Secuenciacion4_correctedshortReads.fasta,CGTAATCGCCCTGATCGCCAACTTTTGGATCC,inicio,False,0,,32,0.03492889000335708,4
M01564:53:000000000-ADV2D:1:1101:17479:1456 1:N:0:2,Secuenciacion4_correctedshortReads.fasta,CTGGCGTCGCCTTTAAGGCGTTCTACCTGACT,centro,False,0,,32,0.02875320399471093,4
M01564:53:000000000-ADV2D:1:1101:17479:1456 1:N:0:2,Secuenciacion4_correctedshortReads.fasta,GGCGATGTTGTCGCCAGCCTTGGCCTTTGGTG,final,False,0,,32,0.025806627003476024,4
M01564:53:000000000-ADV2D:1:1101:15747:1466 1:N:0:2,Secuenciacion4_correctedshortReads.fasta,CATG,inicio,True,16990,178;516;615;1164;1343;1355;1670;1840;2232;2307,4,0.02973727200878784,4
M01564:53:000000000-ADV2D:1:1101:15747:1466 1:N:0:2,Secuenciacion4_correctedshortReads.fasta,CAAT,centro,True,9773,138;167;424;471;756;966;1143;1622;1648;1921,4,0.026884422011789866,4
M01564:53:000000000-ADV2D:1:1101:15747:1466 1:N:0:2,Secuenciacion4_correctedshortReads.fasta,CGGG,final,True,19721,275;319;817;1096;1284;1326;1364;1542;1631;1801,4,0.033826399012468755,4
M01564:53:000000000-ADV2D:1:1101:15747:1466 1:N:0:2,Secuenciacion4_correctedshortReads.fasta,CATGGATG,inicio,True,132,40385;80174;97314;111500;123558;133863;198580;201676;221361;235928,8,0.02518548900843598,4
M01564:53:000000000-ADV2D:1:1101:15747:1466 1:N:0:2,Secuenciacion4_correctedshortReads.fasta,TGCAATGG,centro,True,52,8108;22442;41453;156392;239789;440873;484276;484756;485353;503950,8,0.025156143005006015,4
M01564:53:000000000-ADV2D:1:1101:15747:1466 1:N:0:2,Secuenciacion4_correctedshortReads.fasta,CCGGCGGG,final,True,205,3387;21464;26947;37145;60362;113499;114093;118473;123173;152194,8,0.027614847000222653,4
M01564:53:000000000-ADV2D:1:1101:15747:1466 1:N:0:2,Secuenciacion4_correctedshortReads.fasta,CATGGATGGAAC,inicio,False,0,,12,0.025564173993188888,4
M01564:53:000000000-ADV2D:1:1101:15747:1466 1:N:0:2,Secuenciacion4_correctedshortReads.fasta,TTTGCAATGGGG,centro,False,0,,12,0.0324269459961215,4
M01564:53:000000000-ADV2D:1:1101:15747:1466 1:N:0:2,Secuenciacion4_correctedshortReads.fasta,CGGACCGGCGGG,final,False,0,,12,0.02616093099641148,4
M01564:53:000000000-ADV2D:1:1101:15747:1466 1:N:0:2,Secuenciacion4_correctedshortReads.fasta,CATGGATGGAACAGTC,inicio,False,0,,16,0.02515415000380017,4
M01564:53:000000000-ADV2D:1:1101:15747:1466 1:N:0:2,Secuenciacion4_correctedshortReads.fasta,CATTTGCAATGGGGGT,centro,False,0,,16,0.03126251000503544,4
M01564:53:000000000-ADV2D:1:1101:15747:1466 1:N:0:2,Secuenciacion4_correctedshortReads.fasta,CGTGCGGACCGGCGGG,final,False,0,,16,0.036383787999511696,4
M01564:53:000000000-ADV2D:1:1101:15747:1466 1:N:0:2,Secuenciacion4_correctedshortReads.fasta,CATGGATGGAACAGTCTGGTCCAT,inicio,False,0,,24,0.028887303997180425,4
M01564:53:000000000-ADV2D:1:1101:15747:1466 1:N:0:2,Secuenciacion4_correctedshortReads.fasta,GGTCCATTTGCAATGGGGGTTGCG,centro,False,0,,24,0.024204905013903044,4
M01564:53:000000000-ADV2D:1:1101:15747:1466 1:N:0:2,Secuenciacion4_correctedshortReads.fasta,GGTTGCGCCGTGCGGACCGGCGGG,final,False,0,,24,0.026075090005178936,4
M01564:53:000000000-ADV2D:1:1101:15747:1466 1:N:0:2,Secuenciacion4_correctedshortReads.fasta,CATGGATGGAACAGTCTGGTCCATTTGCAATG,inicio,False,0,,32,0.025784628000110388,4
M01564:53:000000000-ADV2D:1:1101:15747:1466 1:N:0:2,Secuenciacion4_correctedshortReads.fasta,GTCTGGTCCATTTGCAATGGGGGTTGCGCCGT,centro,False,0,,32,0.02520429200376384,4
M01564:53:000000000-ADV2D:1:1101:15747:1466 1:N:0:2,Secuenciacion4_correctedshortReads.fasta,GCAATGGGGGTTGCGCCGTGCGGACCGGCGGG,final,False,0,,32,0.03167657399899326,4
M01564:53:000000000-ADV2D:1:1101:17658:1467 1:N:0:2,Secuenciacion4_correctedshortReads.fasta,CGCC,inicio,True,31413,39;154;246;272;285;384;417;498;507;777,4,0.03224730498914141,4
M01564:53:000000000-ADV2D:1:1101:17658:1467 1:N:0:2,Secuenciacion4_correctedshortReads.fasta,CTAC,centro,True,5878,221;657;694;1484;2559;3834;3864;4437;5784;5871,4,0.025117026001680642,4
M01564:53:000000000-ADV2D:1:1101:17658:1467 1:N:0:2,Secuenciacion4_correctedshortReads.fasta,GGAG,final,True,13121,72;576;972;978;1192;1366;1462;1552;2077;2490,4,0.031231140994350426,4
M01564:53:000000000-ADV2D:1:1101:17658:1467 1:N:0:2,Secuenciacion4_correctedshortReads.fasta,CGCCCCGT,inicio,True,61,194888;217289;246727;282307;406342;438904;446157;496053;517538;531187,8,0.026783795008668676,4
M01564:53:000000000-ADV2D:1:1101:17658:1467 1:N:0:2,Secuenciacion4_correctedshortReads.fasta,GGCTACCC,centro,True,52,24445;67793;70870;92735;216028;540606;565382;649624;674325;752887,8,0.024806340006762184,4
M01564:53:000000000-ADV2D:1:1101:17658:1467 1:N:0:2,Secuenciacion4_correctedshortReads.fasta,TTGCGGAG,final,True,71,4079;82480;163430;187529;192416;196375;210481;226300;278380;286592,8,0.022187376001966186,4
M01564:53:000000000-ADV2D:1:1101:17658:1467 1:N:0:2,Secuenciacion4_correctedshortReads.fasta,CGCCCCGTTCCG,inicio,True,2,217289;2455840,12,0.025287750002462417,4
M01564:53:000000000-ADV2D:1:1101:17658:1467 1:N:0:2,Secuenciacion4_correctedshortReads.fasta,ACGGCTACCCCT,centro,False,0,,12,0.02567038500274066,4
M01564:53:000000000-ADV2D:1:1101:17658:1467 1:N:0:2,Secuenciacion4_correctedshortReads.fasta,GTTTTTGCGGAG,final,False,0,,12,0.025012134996359237,4
M01564:53:000000000-ADV2D:1:1101:17658:1467 1:N:0:2,Secuenciacion4_correctedshortReads.fasta,CGCCCCGTTCCGGATA,inicio,False,0,,16,0.025170838998747058,4
M01564:53:000000000-ADV2D:1:1101:17658:1467 1:N:0:2,Secuenciacion4_correctedshortReads.fasta,TGACGGCTACCCCTCA,centro,False,0,,16,0.023492716005421244,4
M01564:53:000000000-ADV2D:1:1101:17658:1467 1:N:0:2,Secuenciacion4_correctedshortReads.fasta,CTCCGTTTTTGCGGAG,final,False,0,,16,0.026088325001182966,4
M01564:53:000000000-ADV2D:1:1101:17658:1467 1:N:0:2,Secuenciacion4_correctedshortReads.fasta,CGCCCCGTTCCGGATACTTTTGCC,inicio,False,0,,24,0.02487120099249296,4
M01564:53:000000000-ADV2D:1:1101:17658:1467 1:N:0:2,Secuenciacion4_correctedshortReads.fasta,TTACTGACGGCTACCCCTCATCCC,centro,False,0,,24,0.02436847100034356,4
M01564:53:000000000-ADV2D:1:1101:17658:1467 1:N:0:2,Secuenciacion4_correctedshortReads.fasta,TCGCGCAACTCCGTTTTTGCGGAG,final,False,0,,24,0.027044351998483762,4
M01564:53:000000000-ADV2D:1:1101:17658:1467 1:N:0:2,Secuenciacion4_correctedshortReads.fasta,CGCCCCGTTCCGGATACTTTTGCCGTGGCGCT,inicio,False,0,,32,0.0283786640065955,4
M01564:53:000000000-ADV2D:1:1101:17658:1467 1:N:0:2,Secuenciacion4_correctedshortReads.fasta,GCTGTTACTGACGGCTACCCCTCATCCCGGGA,centro,False,0,,32,0.02709360799053684,4
M01564:53:000000000-ADV2D:1:1101:17658:1467 1:N:0:2,Secuenciacion4_correctedshortReads.fasta,GAAAACGATCGCGCAACTCCGTTTTTGCGGAG,final,False,0,,32,0.024970665996079333,4
M01564:53:000000000-ADV2D:1:1101:15697:1471 1:N:0:2,Secuenciacion4_correctedshortReads.fasta,GGCG,inicio,True,33247,126;152;321;361;550;715;985;1271;1280;1338,4,0.027361618995200843,4
M01564:53:000000000-ADV2D:1:1101:15697:1471 1:N:0:2,Secuenciacion4_correctedshortReads.fasta,GCTG,centro,True,21636,369;579;1264;1300;1489;1657;1748;1782;1846;1861,4,0.029005104006500915,4
M01564:53:000000000-ADV2D:1:1101:15697:1471 1:N:0:2,Secuenciacion4_correctedshortReads.fasta,GGGA,final,True,12338,831;1365;1371;1461;1544;1686;1776;1866;2097;2489,4,0.024978089990327135,4
M01564:53:000000000-ADV2D:1:1101:15697:1471 1:N:0:2,Secuenciacion4_correctedshortReads.fasta,GGCGCTGG,inicio,True,513,1843;3420;5382;6905;14450;20058;20343;24655;41475;41746,8,0.03273392899427563,4
M01564:53:000000000-ADV2D:1:1101:15697:1471 1:N:0:2,Secuenciacion4_correctedshortReads.fasta,GCGCTGGC,centro,True,409,6906;9536;10895;14878;20344;23903;29966;41476;41747;43416,8,0.027933792996918783,4
M01564:53:000000000-ADV2D:1:1101:15697:1471 1:N:0:2,Secuenciacion4_correctedshortReads.fasta,GAGGGGGA,final,True,49,1367;23041;25787;27776;124196;127657;151127;201518;244174;329938,8,0.025154971997835673,4
M01564:53:000000000-ADV2D:1:1101:15697:1471 1:N:0:2,Secuenciacion4_correctedshortReads.fasta,GGCGCTGGGCGT,inicio,True,6,127558;520905;1516941;1677788;1689989;1743386,12,0.024073709995718673,4
M01564:53:000000000-ADV2D:1:1101:15697:1471 1:N:0:2,Secuenciacion4_correctedshortReads.fasta,AGGCGCTGGCCG,centro,True,9,149426;677660;718217;752673;768959;1117117;1638909;1662756;2648693,12,0.022964199000853114,4
M01564:53:000000000-ADV2D:1:1101:15697:1471 1:N:0:2,Secuenciacion4_correctedshortReads.fasta,CGGGGAGGGGGA,final,True,1,701462,12,0.02558654799940996,4
M01564:53:000000000-ADV2D:1:1101:15697:1471 1:N:0:2,Secuenciacion4_correctedshortReads.fasta,GGCGCTGGGCGTATGG,inicio,True,1,127558,16,0.025980524005717598,4
M01564:53:000000000-ADV2D:1:1101:15697:1471 1:N:0:2,Secuenciacion4_correctedshortReads.fasta,GCAGGCGCTGGCCGTA,centro,False,0,,16,0.025414594987523742,4
M01564:53:000000000-ADV2D:1:1101:15697:1471 1:N:0:2,Secuenciacion4_correctedshortReads.fasta,GCGGCGGGGAGGGGGA,final,False,0,,16,0.03140212199650705,4
M01564:53:000000000-ADV2D:1:1101:15697:1471 1:N:0:2,Secuenciacion4_correctedshortReads.fasta,GGCGCTGGGCGTATGGTGTTGTGC,inicio,True,1,127558,24,0.026805009008967318,4
M01564:53:000000000-ADV2D:1:1101:15697:1471 1:N:0:2,Secuenciacion4_correctedshortReads.fasta,CCGCGCAGGCGCTGGCCGTATTGT,centro,False,0,,24,0.024041946002398618,4
M01564:53:000000000-ADV2D:1:1101:15697:1471 1:N:0:2,Secuenciacion4_correctedshortReads.fasta,TGGCCTGGGCGGCGGGGAGGGGGA,final,False,0,,24,0.024182364999433048,4
M01564:53:000000000-ADV2D:1:1101:15697:1471 1:N:0:2,Secuenciacion4_correctedshortReads.fasta,GGCGCTGGGCGTATGGTGTTGTGCCATCACCC,inicio,True,1,127558,32,0.0245267580030486,4
M01564:53:000000000-ADV2D:1:1101:15697:1471 1:N:0:2,Secuenciacion4_correctedshortReads.fasta,ACCGCCGCGCAGGCGCTGGCCGTATTGTCATA,centro,False,0,,32,0.02436390399816446,4
M01564:53:000000000-ADV2D:1:1101:15697:1471 1:N:0:2,Secuenciacion4_correctedshortReads.fasta,GCGCAGGGTGGCCTGGGCGGCGGGGAGGGGGA,final,False,0,,32,0.025359563005622476,4
